source_key,title,source_url,source_type,authority,accessed_at,evidence_claim_count,fresh_revalidated_in_pass,notes
P17-ZAMBEEF-BRANDS,Zambeef current Zammilk brand portfolio,https://zambeefplc.com/our-brands/,manufacturer_official,OFFICIAL,2026-09-12T04:30:00+02:00,8,YES,Official source freshly revalidated during the 2026-09-12 expansion pass.
P2-TKG-ALOHA-DW,Trade Kings - Aloha Dishwashing Liquid,https://www.tradekings.co.zm/product/aloha-dishwashing-liquid/,manufacturer_official,OFFICIAL,2026-08-16T23:27:00+02:00,12,NO,Official source preserved from the Phase41 Zambia research corpus; product identity was previously reviewed as official_exact.
P2-TKG-ALOHA-FC,Trade Kings - Aloha Fabric Conditioner,https://www.tradekings.co.zm/product/aloha-fabric-conditioner/,manufacturer_official,OFFICIAL,2026-08-16T23:27:00+02:00,30,NO,Official source preserved from the Phase41 Zambia research corpus; product identity was previously reviewed as official_exact.
P2-TKG-ALOHA-HW,Trade Kings - Aloha Handwashing Powder,https://www.tradekings.co.zm/product/aloha-handwashing-powder/,manufacturer_official,OFFICIAL,2026-08-16T23:27:00+02:00,150,NO,Official source preserved from the Phase41 Zambia research corpus; product identity was previously reviewed as official_exact.
P2-TKG-ALOHA-MSC,Trade Kings - Aloha Multi-Surface Cream,https://www.tradekings.co.zm/product/aloha-multi-surface-cream/,manufacturer_official,OFFICIAL,2026-08-16T23:27:00+02:00,30,NO,Official source preserved from the Phase41 Zambia research corpus; product identity was previously reviewed as official_exact.
P2-TKG-ALOHA-SC,Trade Kings - Aloha Scouring Cleanser,https://www.tradekings.co.zm/product/aloha-scouring-cleanser/,manufacturer_official,OFFICIAL,2026-08-16T23:27:00+02:00,18,NO,Official source preserved from the Phase41 Zambia research corpus; product identity was previously reviewed as official_exact.
P2-TKG-ALOHA-TG,Trade Kings - Aloha Active Toilet Cleaner Gel,https://www.tradekings.co.zm/product/aloha-active-toilet-gel/,manufacturer_official,OFFICIAL,2026-08-16T23:27:00+02:00,30,NO,Official source preserved from the Phase41 Zambia research corpus; product identity was previously reviewed as official_exact.
P2-TKG-AMAZON-CANDY,Trade Kings - Amazon Candies,https://www.tradekings.co.zm/product/amazon-candies/,manufacturer_official,OFFICIAL,2026-08-16T23:27:00+02:00,48,NO,Official source preserved from the Phase41 Zambia research corpus; product identity was previously reviewed as official_exact.
P2-TKG-AMAZON-DIP,Trade Kings - Amazon Fizzy Dip,https://www.tradekings.co.zm/product/amazon-fizzy-dip/,manufacturer_official,OFFICIAL,2026-08-16T23:27:00+02:00,18,NO,Official source preserved from the Phase41 Zambia research corpus; product identity was previously reviewed as official_exact.
P2-TKG-AMAZON-FRUITY,Trade Kings - Amazon Fruity Chewy Bar,https://www.tradekings.co.zm/product/amazon-fruity-chewy-bar/,manufacturer_official,OFFICIAL,2026-08-16T23:27:00+02:00,24,NO,Official source preserved from the Phase41 Zambia research corpus; product identity was previously reviewed as official_exact.
P2-TKG-BANJA,Trade Kings - Banja Washing Powder,https://www.tradekings.co.zm/product/banja-washing-powder/,manufacturer_official,OFFICIAL,2026-08-16T23:27:00+02:00,54,NO,Official source preserved from the Phase41 Zambia research corpus; product identity was previously reviewed as official_exact.
P2-TKG-BOOM-AUTO,Trade Kings - Boom Auto Washing Powder,https://www.tradekings.co.zm/product/boom-auto-washing-powder/,manufacturer_official,OFFICIAL,2026-09-12T04:30:00+02:00,18,YES,Official source freshly revalidated during the 2026-09-12 expansion pass.
P2-TKG-BOOM-BEAUTY,Trade Kings - Boom Beauty Soap,https://www.tradekings.co.zm/product/boom-beauty-soap/,manufacturer_official,OFFICIAL,2026-08-16T23:27:00+02:00,18,NO,Official source preserved from the Phase41 Zambia research corpus; product identity was previously reviewed as official_exact.
P2-TKG-BOOM-BLEACH,Trade Kings - Boom Force Thick Bleach,https://www.tradekings.co.zm/product/boom-force-thick-bleach/,manufacturer_official,OFFICIAL,2026-08-16T23:27:00+02:00,30,NO,Official source preserved from the Phase41 Zambia research corpus; product identity was previously reviewed as official_exact.
P2-TKG-BOOM-BUBBLE,Trade Kings - Boom Bubble Plus Washing Powder,https://www.tradekings.co.zm/product/boom-bubble-plus-washing-powder/,manufacturer_official,OFFICIAL,2026-09-12T04:30:00+02:00,240,YES,Official source freshly revalidated during the 2026-09-12 expansion pass.
P2-TKG-BOOM-CREAM,Trade Kings - Boom Force Cream,https://www.tradekings.co.zm/product/boom-force-cream/,manufacturer_official,OFFICIAL,2026-08-16T23:27:00+02:00,60,NO,Official source preserved from the Phase41 Zambia research corpus; product identity was previously reviewed as official_exact.
P2-TKG-BOOM-FC,Trade Kings - Boom Fabric Conditioner,https://www.tradekings.co.zm/product/boom-fabric-conditioner/,manufacturer_official,OFFICIAL,2026-08-16T23:27:00+02:00,66,NO,Official source preserved from the Phase41 Zambia research corpus; product identity was previously reviewed as official_exact.
P2-TKG-BOOM-GLASS,Trade Kings - Boom Window and Glass Cleaner,https://www.tradekings.co.zm/product/boom-window-and-glass-cleaner/,manufacturer_official,OFFICIAL,2026-08-16T23:27:00+02:00,18,NO,Official source preserved from the Phase41 Zambia research corpus; product identity was previously reviewed as official_exact.
P2-TKG-BOOM-HPLUS,Trade Kings - Boom Hygiene Plus,https://www.tradekings.co.zm/product/boom-hygiene-plus/,manufacturer_official,OFFICIAL,2026-08-16T23:27:00+02:00,24,NO,Official source preserved from the Phase41 Zambia research corpus; product identity was previously reviewed as official_exact.
P2-TKG-BOOM-LIME,Trade Kings - Boom Power Cleaner Limescale Remover,https://www.tradekings.co.zm/product/boom-power-cleaner-limescale-remover/,manufacturer_official,OFFICIAL,2026-08-16T23:27:00+02:00,6,NO,Official source preserved from the Phase41 Zambia research corpus; product identity was previously reviewed as official_exact.
P2-TKG-BOOM-MOUSSE,Trade Kings - Boom Mousse Multi-Purpose Liquid Detergent,https://www.tradekings.co.zm/product/boom-mousse-multi-purpose-liquid-detergent/,manufacturer_official,OFFICIAL,2026-08-16T23:27:00+02:00,18,NO,Official source preserved from the Phase41 Zambia research corpus; product identity was previously reviewed as official_exact.
P2-TKG-BOOM-MPB,Trade Kings - Boom Multi-Purpose Bar,https://www.tradekings.co.zm/product/boom-multi-purpose-bar/,manufacturer_official,OFFICIAL,2026-08-16T23:27:00+02:00,24,NO,Official source preserved from the Phase41 Zambia research corpus; product identity was previously reviewed as official_exact.
P2-TKG-BOOM-MPCL,Trade Kings - Boom Force Multi-Purpose Concentrated Liquid Detergent,https://www.tradekings.co.zm/product/boom-force-multipurpose-concentrated-liquid-detergent/,manufacturer_official,OFFICIAL,2026-08-16T23:27:00+02:00,12,NO,Official source preserved from the Phase41 Zambia research corpus; product identity was previously reviewed as official_exact.
P2-TKG-BOOM-TILE,Trade Kings - Boom Shine Plus Tile Cleaner,https://www.tradekings.co.zm/product/boom-shine-plus-tile-cleaner/,manufacturer_official,OFFICIAL,2026-08-16T23:27:00+02:00,48,NO,Official source preserved from the Phase41 Zambia research corpus; product identity was previously reviewed as official_exact.
P2-TKG-BOOM-TOILET,Trade Kings - Boom Force Toilet Cleaning Gel,https://www.tradekings.co.zm/product/boom-force-toilet-cleaning-gel/,manufacturer_official,OFFICIAL,2026-08-16T23:27:00+02:00,72,NO,Official source preserved from the Phase41 Zambia research corpus; product identity was previously reviewed as official_exact.
P2-TKG-DOCTORWASH,Trade Kings - Doctor Wash+ Antibacterial Soap,https://www.tradekings.co.zm/product/doctor-wash-antibacterial-soap/,manufacturer_official,OFFICIAL,2026-08-16T23:27:00+02:00,30,NO,Official source preserved from the Phase41 Zambia research corpus; product identity was previously reviewed as official_exact.
P2-TKG-HYG-ANTIS,Trade Kings - HygieniX Antiseptic Liquid,https://www.tradekings.co.zm/product/hygienix-antiseptic-liquid/,manufacturer_official,OFFICIAL,2026-08-16T23:27:00+02:00,24,NO,Official source preserved from the Phase41 Zambia research corpus; product identity was previously reviewed as official_exact.
P2-TKG-HYG-HANDSOAP,Trade Kings - HygieniX Liquid Hand Soap,https://www.tradekings.co.zm/product/hygienix-liquid-hand-soap/,manufacturer_official,OFFICIAL,2026-08-16T23:27:00+02:00,60,NO,Official source preserved from the Phase41 Zambia research corpus; product identity was previously reviewed as official_exact.
P2-TKG-HYG-SAN,Trade Kings - HygieniX Hand Sanitizer,https://www.tradekings.co.zm/product/hygienix-hand-sanitizer/,manufacturer_official,OFFICIAL,2026-08-16T23:27:00+02:00,84,NO,Official source preserved from the Phase41 Zambia research corpus; product identity was previously reviewed as official_exact.
P2-TKG-HYG-SOAP,Trade Kings - HygieniX Hygiene Soap,https://www.tradekings.co.zm/product/hygienix-hygiene-soap/,manufacturer_official,OFFICIAL,2026-08-16T23:27:00+02:00,192,NO,Official source preserved from the Phase41 Zambia research corpus; product identity was previously reviewed as official_exact.
P2-TKG-HYG-SPRAY,Trade Kings - HygieniX Instant Hand Sanitizer Spray,https://www.tradekings.co.zm/product/hygienix-instant-hand-sanitizer-spray/,manufacturer_official,OFFICIAL,2026-08-16T23:27:00+02:00,6,NO,Official source preserved from the Phase41 Zambia research corpus; product identity was previously reviewed as official_exact.
P2-TKG-MILKIT-CANDY,Trade Kings - Milkit Candy,https://www.tradekings.co.zm/product/milkit-candy/,manufacturer_official,OFFICIAL,2026-08-16T23:27:00+02:00,24,NO,Official source preserved from the Phase41 Zambia research corpus; product identity was previously reviewed as official_exact.
P2-TKG-MILKIT-CHEWS,Trade Kings - Milkit Chews,https://www.tradekings.co.zm/product/milkit-chews/,manufacturer_official,OFFICIAL,2026-08-16T23:27:00+02:00,36,NO,Official source preserved from the Phase41 Zambia research corpus; product identity was previously reviewed as official_exact.
P2-TKG-MILKIT-LOLLI,Trade Kings - Milkit Chewy Centred Lollipops,https://www.tradekings.co.zm/product/milkit-chewy-centred-lollipops/,manufacturer_official,OFFICIAL,2026-08-16T23:27:00+02:00,54,NO,Official source preserved from the Phase41 Zambia research corpus; product identity was previously reviewed as official_exact.
P2-TKG-MILKIT-MEGA,Trade Kings - Milkit Mega Pops,https://www.tradekings.co.zm/product/milkit-mega-pops/,manufacturer_official,OFFICIAL,2026-08-16T23:27:00+02:00,18,NO,Official source preserved from the Phase41 Zambia research corpus; product identity was previously reviewed as official_exact.
P2-TKG-MILKIT-TOFFEE,Trade Kings - Milkit Toffee Bar,https://www.tradekings.co.zm/product/milkit-toffee-bar/,manufacturer_official,OFFICIAL,2026-08-16T23:27:00+02:00,18,NO,Official source preserved from the Phase41 Zambia research corpus; product identity was previously reviewed as official_exact.
P2-TKG-RAINBOW,Trade Kings - Rainbow Candies,https://www.tradekings.co.zm/product/rainbow-candies/,manufacturer_official,OFFICIAL,2026-08-16T23:27:00+02:00,36,NO,Official source preserved from the Phase41 Zambia research corpus; product identity was previously reviewed as official_exact.
P2-TKG-ROMEO-BEAUTY,Trade Kings - Romeo Beauty Soap,https://www.tradekings.co.zm/product/romeo-beauty-soap/,manufacturer_official,OFFICIAL,2026-09-12T04:30:00+02:00,60,YES,Official source freshly revalidated during the 2026-09-12 expansion pass.
P2-TKG-ROMEO-MED,Trade Kings - Romeo Medicated Soap,https://www.tradekings.co.zm/product/romeo-medicated/,manufacturer_official,OFFICIAL,2026-09-12T04:30:00+02:00,30,YES,Official source freshly revalidated during the 2026-09-12 expansion pass.
P2-TKG-ROMEO-PW,Trade Kings - Romeo Pink and White Beauty Soap,https://www.tradekings.co.zm/product/romeo-pink-and-white-beauty-soap/,manufacturer_official,OFFICIAL,2026-09-12T04:30:00+02:00,12,YES,Official source freshly revalidated during the 2026-09-12 expansion pass.
P2-TKG-SOOTHERS,Trade Kings - Soothers Refreshing Drop,https://www.tradekings.co.zm/product/soothers-refreshing-drop/,manufacturer_official,OFFICIAL,2026-08-16T23:27:00+02:00,24,NO,Official source preserved from the Phase41 Zambia research corpus; product identity was previously reviewed as official_exact.
P2-TKG-SUPER,Trade Kings - Super Candies,https://www.tradekings.co.zm/product/super-candies/,manufacturer_official,OFFICIAL,2026-08-16T23:27:00+02:00,42,NO,Official source preserved from the Phase41 Zambia research corpus; product identity was previously reviewed as official_exact.
P2-TKG-YEBO,Trade Kings - Yebo Anti-Bacterial Soap,https://www.tradekings.co.zm/product/yebo-anti-bacterial/,manufacturer_official,OFFICIAL,2026-08-16T23:27:00+02:00,6,NO,Official source preserved from the Phase41 Zambia research corpus; product identity was previously reviewed as official_exact.
P3-VARUN-BUSINESS,Varun Beverages current business and PepsiCo portfolio,https://www.varunbeverages.com/our-business/,bottler_official,OFFICIAL,2026-08-16T23:27:00+02:00,12,NO,Official source preserved from the Phase41 Zambia research corpus; product identity was previously reviewed as official_exact.
P3-VAS-ALOE,Vaseline South Africa - Blue Seal Aloe Fresh Petroleum Jelly,https://www.vaseline.com/za/en/p/vaseline-jelly-aloe.html/00000060018885,brand_owner_official,OFFICIAL,2026-09-12T04:30:00+02:00,18,YES,Official source freshly revalidated during the 2026-09-12 expansion pass.
P3-VAS-BABY,Vaseline South Africa - Blue Seal Baby Soft Petroleum Jelly,https://www.vaseline.com/za/en/p/vaseline-jelly-baby.html/06001087005647,brand_owner_official,OFFICIAL,2026-09-12T04:30:00+02:00,24,YES,Official source freshly revalidated during the 2026-09-12 expansion pass.
P3-VAS-COCOA,Vaseline South Africa - Blue Seal Cocoa Butter Petroleum Jelly,https://www.vaseline.com/za/en/p/vaseline-jelly-cocoa.html/06001087377546,brand_owner_official,OFFICIAL,2026-09-12T04:30:00+02:00,24,YES,Official source freshly revalidated during the 2026-09-12 expansion pass.
P3-VAS-ORIG,Vaseline South Africa - Blue Seal Original Petroleum Jelly,https://www.vaseline.com/za/en/p/vaseline-jelly-original.html/00000060014399,brand_owner_official,OFFICIAL,2026-09-12T04:30:00+02:00,24,YES,Official source freshly revalidated during the 2026-09-12 expansion pass.
P3-VAS-VITE,Vaseline South Africa - Blue Seal Vitamin E Petroleum Jelly,https://www.vaseline.com/za/en/p/vaseline-jelly-vitamine.html/00000060014429,brand_owner_official,OFFICIAL,2026-09-12T04:30:00+02:00,18,YES,Official source freshly revalidated during the 2026-09-12 expansion pass.
P4-TKG-FOODS,Trade Kings Group current foods portfolio,https://www.tradekings.co.zm/foods/,manufacturer_official,OFFICIAL,2026-08-16T23:27:00+02:00,12,NO,Official source preserved from the Phase41 Zambia research corpus; product identity was previously reviewed as official_exact.
P4-WILLOWTON-ALLSOME,Willowton Group - Allsome Rice,https://www.willowtongroup.com/pages/allsome,manufacturer_official,OFFICIAL,2026-09-12T04:30:00+02:00,24,YES,Official source freshly revalidated during the 2026-09-12 expansion pass.
P4-WILLOWTON-SONA,Willowton Group - Sona Soap,https://www.willowtongroup.com/pages/sona-soap,manufacturer_official,OFFICIAL,2026-09-12T04:30:00+02:00,24,YES,Official source freshly revalidated during the 2026-09-12 expansion pass.
P5-TKG-AMAZON-MONSTA-CANDY,Trade Kings - Amazon Monsta Candies,https://www.tradekings.co.zm/product/amazon-monsta-candies/,manufacturer_official,OFFICIAL,2026-08-16T23:27:00+02:00,24,NO,Official source preserved from the Phase41 Zambia research corpus; product identity was previously reviewed as official_exact.
P5-TKG-AMAZON-TOFFEE,Trade Kings - Amazon Toffees,https://www.tradekings.co.zm/product/amazon-toffees/,manufacturer_official,OFFICIAL,2026-08-16T23:27:00+02:00,18,NO,Official source preserved from the Phase41 Zambia research corpus; product identity was previously reviewed as official_exact.
P5-TKG-BIGTIME,Trade Kings - Big Time Washing Powder,https://www.tradekings.co.zm/product/big-time-washing-powder/,manufacturer_official,OFFICIAL,2026-08-16T23:27:00+02:00,18,NO,Official source preserved from the Phase41 Zambia research corpus; product identity was previously reviewed as official_exact.
P5-TKG-DIAMOND,Trade Kings - Diamond Washing Powder,https://www.tradekings.co.zm/product/diamond-washing-powder/,manufacturer_official,OFFICIAL,2026-08-16T23:27:00+02:00,30,NO,Official source preserved from the Phase41 Zambia research corpus; product identity was previously reviewed as official_exact.
P5-TKG-JUDO,Trade Kings - Judo Washing Powder,https://www.tradekings.co.zm/product/judo-washing-powder/,manufacturer_official,OFFICIAL,2026-08-16T23:27:00+02:00,18,NO,Official source preserved from the Phase41 Zambia research corpus; product identity was previously reviewed as official_exact.
P5-TKG-PRODUCTS,Trade Kings current product index,https://www.tradekings.co.zm/product/,manufacturer_official,OFFICIAL,2026-08-16T23:27:00+02:00,12,NO,Official source preserved from the Phase41 Zambia research corpus; product identity was previously reviewed as official_exact.
P5-TKG-XTRAPASTE,Trade Kings - Xtra Detergent Paste,https://www.tradekings.co.zm/product/xtra-detergent-paste/,manufacturer_official,OFFICIAL,2026-08-16T23:27:00+02:00,18,NO,Official source preserved from the Phase41 Zambia research corpus; product identity was previously reviewed as official_exact.
P5-TKG-YEBO-HERBAL,Trade Kings - Yebo Herbal Soap,https://www.tradekings.co.zm/product/yebo-herbal-soap/,manufacturer_official,OFFICIAL,2026-08-16T23:27:00+02:00,12,NO,Official source preserved from the Phase41 Zambia research corpus; product identity was previously reviewed as official_exact.
P6-TKG-AMZ-ECLAIR-CARAMEL,Trade Kings - Amazon Chocolate Eclair Caramel,https://www.tradekings.co.zm/product/amazon-chocolate-eclair-caramel/,manufacturer_official,OFFICIAL,2026-08-16T23:27:00+02:00,6,NO,Official source preserved from the Phase41 Zambia research corpus; product identity was previously reviewed as official_exact.
P6-TKG-AMZ-ECLAIR-POP,Trade Kings - Amazon Chocolate Eclair Pops,https://www.tradekings.co.zm/product/amazon-chocolate-eclair-pops/,manufacturer_official,OFFICIAL,2026-08-16T23:27:00+02:00,18,NO,Official source preserved from the Phase41 Zambia research corpus; product identity was previously reviewed as official_exact.
P6-TKG-AMZ-MONSTA-CHEWS,Trade Kings - Amazon Monsta Chews,https://www.tradekings.co.zm/product/amazon-monsta-chews/,manufacturer_official,OFFICIAL,2026-08-16T23:27:00+02:00,24,NO,Official source preserved from the Phase41 Zambia research corpus; product identity was previously reviewed as official_exact.
P6-TKG-AMZ-MONSTA-ROLLS,Trade Kings - Amazon Monsta Rolls,https://www.tradekings.co.zm/product/amazon-monsta-rolls/,manufacturer_official,OFFICIAL,2026-08-16T23:27:00+02:00,72,NO,Official source preserved from the Phase41 Zambia research corpus; product identity was previously reviewed as official_exact.
P6-TKG-FANTASY-ECLAIR,Trade Kings - Fantasy Chocolate Eclair,https://www.tradekings.co.zm/product/fantasy-chocolate-eclair/,manufacturer_official,OFFICIAL,2026-08-16T23:27:00+02:00,6,NO,Official source preserved from the Phase41 Zambia research corpus; product identity was previously reviewed as official_exact.
P6-TKG-MEDIHERB,Trade Kings - Mediherb Ayurvedic Herbal Soap,https://www.tradekings.co.zm/product/mediherb-ayurvedic-herbal-soap/,manufacturer_official,OFFICIAL,2026-08-16T23:27:00+02:00,48,NO,Official source preserved from the Phase41 Zambia research corpus; product identity was previously reviewed as official_exact.
P6-TKG-MEDIHERB-HAIR,Trade Kings - Mediherb Hair Soap,https://www.tradekings.co.zm/product/mediherb-hair-soap/,manufacturer_official,OFFICIAL,2026-08-16T23:27:00+02:00,6,NO,Official source preserved from the Phase41 Zambia research corpus; product identity was previously reviewed as official_exact.
P6-TKG-MRBOOM,Trade Kings - Mr. Boom Advanced All Purpose Cleaning Range,https://www.tradekings.co.zm/product/mr-boom-advanced-all-purpose-cleaning-range/,manufacturer_official,OFFICIAL,2026-08-16T23:27:00+02:00,18,NO,Official source preserved from the Phase41 Zambia research corpus; product identity was previously reviewed as official_exact.
P6-TKG-PRODUCT-INDEX,Trade Kings current product index,https://www.tradekings.co.zm/product/,manufacturer_official,OFFICIAL,2026-08-16T23:27:00+02:00,4,NO,Official source preserved from the Phase41 Zambia research corpus; product identity was previously reviewed as official_exact.
P6-TKG-RAINBOW-TOFFEE,Trade Kings - Rainbow Toffees,https://www.tradekings.co.zm/product/rainbow-toffees/,manufacturer_official,OFFICIAL,2026-08-16T23:27:00+02:00,12,NO,Official source preserved from the Phase41 Zambia research corpus; product identity was previously reviewed as official_exact.
P6-TKG-SCOUR,Trade Kings - Boom Force Scouring Cleanser,https://www.tradekings.co.zm/product/boom-force-scouring-cleanser/,manufacturer_official,OFFICIAL,2026-09-12T04:30:00+02:00,18,YES,Official source freshly revalidated during the 2026-09-12 expansion pass.
P6-TKG-SUPERROLL,Trade Kings - Super Roll Gums,https://www.tradekings.co.zm/product/super-roll-gums/,manufacturer_official,OFFICIAL,2026-08-16T23:27:00+02:00,36,NO,Official source preserved from the Phase41 Zambia research corpus; product identity was previously reviewed as official_exact.
P7-TKG-ANNABELLA,Trade Kings - Annabella Hair Shampoo,https://www.tradekings.co.zm/product/annabella-hair-shampoo/,manufacturer_official,OFFICIAL,2026-08-16T23:27:00+02:00,18,NO,Official source preserved from the Phase41 Zambia research corpus; product identity was previously reviewed as official_exact.
P7-TKG-HILIFE-ANTI,Trade Kings - Hi-Life Anti-Bacterial Soap,https://www.tradekings.co.zm/product/hi-life-anti-bacterial-soap/,manufacturer_official,OFFICIAL,2026-08-16T23:27:00+02:00,18,NO,Official source preserved from the Phase41 Zambia research corpus; product identity was previously reviewed as official_exact.
P7-TKG-HILIFE-BEAUTY,Trade Kings - Hi-Life Beauty Soap,https://www.tradekings.co.zm/product/hi-life-beauty-soap/,manufacturer_official,OFFICIAL,2026-08-16T23:27:00+02:00,18,NO,Official source preserved from the Phase41 Zambia research corpus; product identity was previously reviewed as official_exact.
P7-TKG-HILIFE-HAND,Trade Kings - Hi-Life Hand Wash,https://www.tradekings.co.zm/product/hi-life-hand-wash/,manufacturer_official,OFFICIAL,2026-08-16T23:27:00+02:00,36,NO,Official source preserved from the Phase41 Zambia research corpus; product identity was previously reviewed as official_exact.
P7-TKG-IVORY,Trade Kings - Ivory Beauty Soap,https://www.tradekings.co.zm/product/ivory-beauty-soap/,manufacturer_official,OFFICIAL,2026-08-16T23:27:00+02:00,36,NO,Official source preserved from the Phase41 Zambia research corpus; product identity was previously reviewed as official_exact.
P9-VASELINE-ALOE,Vaseline Aloe Soothe Moisturising Body Cream,https://www.vaseline.com/za/en/p/vaseline-cream-aloe.html/06001087370523,manufacturer_official,OFFICIAL,2026-08-16T23:27:00+02:00,6,NO,Official source preserved from the Phase41 Zambia research corpus; product identity was previously reviewed as official_exact.
P9-VASELINE-COCOA,Vaseline Cocoa Glow Moisturising Body Cream,https://www.vaseline.com/za/en/p/vaseline-cream-care.html/06001087370196,manufacturer_official,OFFICIAL,2026-08-16T23:27:00+02:00,12,NO,Official source preserved from the Phase41 Zambia research corpus; product identity was previously reviewed as official_exact.
P9-VASELINE-DRY,Vaseline Dry Skin Repair Body Cream,https://www.vaseline.com/za/en/p/vaseline-cream-repair.html/06001087370073,manufacturer_official,OFFICIAL,2026-08-16T23:27:00+02:00,12,NO,Official source preserved from the Phase41 Zambia research corpus; product identity was previously reviewed as official_exact.
P9-ZAMBEEF-BRANDS,Zambeef current brands portfolio,https://zambeefplc.com/our-brands/,manufacturer_official,OFFICIAL,2026-09-12T04:30:00+02:00,16,YES,Official source freshly revalidated during the 2026-09-12 expansion pass.
SRC-DLITE,D'lite official product page,https://www.willowtongroup.com/pages/dlite,manufacturer_official,OFFICIAL,2026-09-12T04:30:00+02:00,12,YES,Official source freshly revalidated during the 2026-09-12 expansion pass.
SRC-TKG-ABOUT,Trade Kings Group official history,https://www.tradekings.co.zm/about-us/,manufacturer_official,OFFICIAL,2026-08-16T23:27:00+02:00,4,NO,Official source preserved from the Phase41 Zambia research corpus; product identity was previously reviewed as official_exact.
SRC-TKG-HOME,Trade Kings Group official website,https://www.tradekings.co.zm/,manufacturer_official,OFFICIAL,2026-08-16T23:27:00+02:00,4,NO,Official source preserved from the Phase41 Zambia research corpus; product identity was previously reviewed as official_exact.
SRC-TKG-LAUNDRY,Trade Kings official laundry-care catalogue,https://www.tradekings.co.zm/laundry-care/,manufacturer_official,OFFICIAL,2026-08-16T23:27:00+02:00,4,NO,Official source preserved from the Phase41 Zambia research corpus; product identity was previously reviewed as official_exact.
SRC-WEB-COCACOLA-ZM-MM-2026,Coca-Cola Zambia Minute Maid 2026 campaign,https://www.coca-cola.com/xe/en/legal/terms-and-conditions-minute-maid-zambia,bottler_official,OFFICIAL,2026-09-12T04:30:00+02:00,12,YES,Official source freshly revalidated during the 2026-09-12 expansion pass.
SRC-WEB-COCACOLA-ZM-UTC-2026,Coca-Cola Zambia 2026 UTC Promotion participating products,https://www.coca-cola.com/xe/en/legal/terms-and-conditions-zambia-utc-promotion-2026,bottler_official,OFFICIAL,2026-09-12T04:30:00+02:00,36,YES,Official source freshly revalidated during the 2026-09-12 expansion pass.
SRC-WEB-NMC-PRODUCTS-20260815,National Milling Corporation products,https://nmc.co.zm/products/,manufacturer_official,OFFICIAL,2026-09-12T04:30:00+02:00,300,YES,Official source freshly revalidated during the 2026-09-12 expansion pass.
SRC-WEB-TKG-BOOM-PASTE-20260815,Trade Kings - Boom Detergent Paste,https://www.tradekings.co.zm/product/product-main-template/,manufacturer_official,OFFICIAL,2026-08-16T23:27:00+02:00,48,NO,Official source preserved from the Phase41 Zambia research corpus; product identity was previously reviewed as official_exact.
SRC-WEB-TKG-BULLET-20260815,Trade Kings - Bullet Washing Powder,https://www.tradekings.co.zm/product/bullet-washing-powder/,manufacturer_official,OFFICIAL,2026-08-16T23:27:00+02:00,96,NO,Official source preserved from the Phase41 Zambia research corpus; product identity was previously reviewed as official_exact.
SRC-WEB-TKG-XTRA-20260815,Trade Kings - Xtra 2 In 1 Washing Powder,https://www.tradekings.co.zm/product/xtra-2-in-1-washing-powder/,manufacturer_official,OFFICIAL,2026-08-16T23:27:00+02:00,66,NO,Official source preserved from the Phase41 Zambia research corpus; product identity was previously reviewed as official_exact.
SRC-WEB-WILLOWTON-CROWN-20260815,Willowton Group - Crown,https://www.willowtongroup.com/pages/crown,manufacturer_official,OFFICIAL,2026-08-16T23:27:00+02:00,24,NO,Official source preserved from the Phase41 Zambia research corpus; product identity was previously reviewed as official_exact.
SRC-WEB-WILLOWTON-SUNFOIL-20260815,Willowton Group - Sunfoil,https://www.willowtongroup.com/pages/sunfoil,manufacturer_official,OFFICIAL,2026-08-16T23:27:00+02:00,36,NO,Official source preserved from the Phase41 Zambia research corpus; product identity was previously reviewed as official_exact.
SRC-WEB-ZAMSUGAR-BROWN-20260815,Zambia Sugar - Whitespoon Brown Sugar,https://zamsugar.co.zm/product/brown-sugar/,manufacturer_official,OFFICIAL,2026-09-12T04:30:00+02:00,24,YES,Official source freshly revalidated during the 2026-09-12 expansion pass.
SRC-WEB-ZAMSUGAR-HOUSEHOLD-20260815,Zambia Sugar - Whitespoon Household Sugar,https://zamsugar.co.zm/product/household-sugar/,manufacturer_official,OFFICIAL,2026-09-12T04:30:00+02:00,24,YES,Official source freshly revalidated during the 2026-09-12 expansion pass.
SRC-WEB-ZAMSUGAR-REFINED-20260815,Zambia Sugar - Whitespoon Refined White Sugar,https://zamsugar.co.zm/product/refined-white-sugar/,manufacturer_official,OFFICIAL,2026-09-12T04:30:00+02:00,12,YES,Official source freshly revalidated during the 2026-09-12 expansion pass.
